{
	"info": {
		"_postman_id": "41fab60d-8a1d-49d5-8d61-7e92c828a69f",
		"name": "VacQ",
		"schema": "https://schema.getpostman.com/json/collection/v2.1.0/collection.json",
		"_exporter_id": "33080821"
	},
	"item": [
		{
			"name": "Hospital",
			"item": [
				{
					"name": "Get All Hospitals",
					"event": [
						{
							"listen": "test",
							"script": {
								"exec": [
									"pm.test(\"Status code is 200\", function () {\r",
									"    pm.response.to.have.status(200);\r",
									"});\r",
									"\r",
									"const response = pm.response.json();\r",
									"\r",
									"console.log(response);\r",
									"\r",
									"pm.test(\"There are some hospitals!\" , ()=> {\r",
									"    pm.expect(response.count).to.be.above(0);\r",
									"});\r",
									"\r",
									"postman.setNextRequest(\"Create Hospital\");"
								],
								"type": "text/javascript"
							}
						}
					],
					"request": {
						"method": "GET",
						"header": [],
						"url": {
							"raw": "{{URL}}/api/v1/hospitals/",
							"host": [
								"{{URL}}"
							],
							"path": [
								"api",
								"v1",
								"hospitals",
								""
							]
						}
					},
					"response": []
				},
				{
					"name": "Get a hospital",
					"event": [
						{
							"listen": "test",
							"script": {
								"exec": [
									"pm.test(\"Status code is 200\", function () {\r",
									"    pm.response.to.have.status(200);\r",
									"});\r",
									"\r",
									"postman.setNextRequest(\"Update a hospital\");"
								],
								"type": "text/javascript"
							}
						}
					],
					"request": {
						"method": "GET",
						"header": [],
						"url": {
							"raw": "{{URL}}/api/v1/hospitals/:hospital_ID",
							"host": [
								"{{URL}}"
							],
							"path": [
								"api",
								"v1",
								"hospitals",
								":hospital_ID"
							],
							"variable": [
								{
									"key": "hospital_ID",
									"value": "{{global_hospital_ID}}"
								}
							]
						}
					},
					"response": []
				},
				{
					"name": "Create Hospital",
					"event": [
						{
							"listen": "test",
							"script": {
								"exec": [
									"pm.test(\"Status code is 201\", function () {\r",
									"    pm.response.to.have.status(201);\r",
									"});\r",
									"\r",
									"const response = pm.response.json();\r",
									"const new_hospital_id = response.data.id;\r",
									"\r",
									"//console.log(new_hospital);\r",
									"pm.globals.set(\"global_hospital_ID\",new_hospital_id);\r",
									"\r",
									"postman.setNextRequest(\"Get a hospital\");"
								],
								"type": "text/javascript"
							}
						}
					],
					"request": {
						"auth": {
							"type": "bearer",
							"bearer": [
								{
									"key": "token",
									"value": "{{TOKEN}}",
									"type": "string"
								}
							]
						},
						"method": "POST",
						"header": [],
						"body": {
							"mode": "raw",
							"raw": "{\r\n    \"name\": \"{{$randomFullName}}\",\r\n    \"address\": \"270 Rama VI Road\",\r\n    \"district\": \"Ratchathewi\",\r\n    \"province\": \"กรุงเทพมหานคร\",\r\n    \"postalcode\": \"10400\",\r\n    \"tel\": \"02-671-9012\",\r\n    \"region\": \"Central\"\r\n}\r\n\r\n\r\n",
							"options": {
								"raw": {
									"language": "json"
								}
							}
						},
						"url": {
							"raw": "{{URL}}/api/v1/hospitals",
							"host": [
								"{{URL}}"
							],
							"path": [
								"api",
								"v1",
								"hospitals"
							]
						}
					},
					"response": []
				},
				{
					"name": "Update a hospital",
					"event": [
						{
							"listen": "test",
							"script": {
								"exec": [
									"pm.test(\"Status code is 200\", function () {\r",
									"    pm.response.to.have.status(200);\r",
									"});\r",
									"\r",
									"postman.setNextRequest(\"Delete a hospital\");"
								],
								"type": "text/javascript"
							}
						}
					],
					"request": {
						"auth": {
							"type": "bearer",
							"bearer": [
								{
									"key": "token",
									"value": "{{TOKEN}}",
									"type": "string"
								}
							]
						},
						"method": "PUT",
						"header": [
							{
								"key": "Content-Type",
								"value": "application/json",
								"description": "JSON Type",
								"type": "text"
							}
						],
						"body": {
							"mode": "raw",
							"raw": "{\r\n    \"name\" : \"{{$randomFullName}}\"\r\n}",
							"options": {
								"raw": {
									"language": "json"
								}
							}
						},
						"url": {
							"raw": "{{URL}}/api/v1/hospitals/:hospital_ID",
							"host": [
								"{{URL}}"
							],
							"path": [
								"api",
								"v1",
								"hospitals",
								":hospital_ID"
							],
							"variable": [
								{
									"key": "hospital_ID",
									"value": "{{global_hospital_ID}}"
								}
							]
						}
					},
					"response": []
				},
				{
					"name": "Delete a hospital",
					"event": [
						{
							"listen": "test",
							"script": {
								"exec": [
									"pm.test(\"Status code is 200\", function () {\r",
									"    pm.response.to.have.status(200);\r",
									"});\r",
									"\r",
									"postman.setNextRequest(null);"
								],
								"type": "text/javascript"
							}
						}
					],
					"request": {
						"auth": {
							"type": "bearer",
							"bearer": [
								{
									"key": "token",
									"value": "{{TOKEN}}",
									"type": "string"
								}
							]
						},
						"method": "DELETE",
						"header": [],
						"url": {
							"raw": "{{URL}}/api/v1/hospitals/:hospital_ID",
							"host": [
								"{{URL}}"
							],
							"path": [
								"api",
								"v1",
								"hospitals",
								":hospital_ID"
							],
							"variable": [
								{
									"key": "hospital_ID",
									"value": "{{global_hospital_ID}}"
								}
							]
						}
					},
					"response": []
				}
			],
			"description": "Hospital CRUD functionality"
		},
		{
			"name": "Authentication",
			"item": [
				{
					"name": "register",
					"event": [
						{
							"listen": "test",
							"script": {
								"exec": [
									"pm.environment.set(\"TOKEN\",pm.response.json().token)"
								],
								"type": "text/javascript"
							}
						}
					],
					"request": {
						"method": "POST",
						"header": [
							{
								"key": "Content-Type",
								"value": "application/json",
								"description": "JSON Type",
								"type": "text"
							}
						],
						"body": {
							"mode": "raw",
							"raw": "{\r\n    \"name\" : \"JoashasdnaDoeaa\",\r\n    \"email\" : \"fgsjsabxsdad@gmail.com\",\r\n    \"password\" : \"123456\",\r\n    \"role\" : \"user\"\r\n}",
							"options": {
								"raw": {
									"language": "json"
								}
							}
						},
						"url": {
							"raw": "{{URL}}/api/v1/auth/register",
							"host": [
								"{{URL}}"
							],
							"path": [
								"api",
								"v1",
								"auth",
								"register"
							]
						}
					},
					"response": []
				},
				{
					"name": "Login",
					"request": {
						"method": "POST",
						"header": [
							{
								"key": "Content-Type",
								"value": "application/json",
								"description": "JSON Type",
								"type": "text"
							}
						],
						"body": {
							"mode": "raw",
							"raw": "{\r\n    \"email\":\"john@gmail.com\",\r\n    \"password\": \"123456\"\r\n}",
							"options": {
								"raw": {
									"language": "json"
								}
							}
						},
						"url": {
							"raw": "{{URL}}/api/v1/auth/login",
							"host": [
								"{{URL}}"
							],
							"path": [
								"api",
								"v1",
								"auth",
								"login"
							]
						}
					},
					"response": []
				},
				{
					"name": "Get logged in user with token",
					"event": [
						{
							"listen": "test",
							"script": {
								"exec": [
									""
								],
								"type": "text/javascript"
							}
						}
					],
					"request": {
						"auth": {
							"type": "bearer",
							"bearer": [
								{
									"key": "token",
									"value": "{{TOKEN}}",
									"type": "string"
								}
							]
						},
						"method": "GET",
						"header": [
							{
								"key": "Content-Type",
								"value": "application/json",
								"description": "JSON Type",
								"type": "text"
							},
							{
								"key": "Authorization",
								"value": "Bearer eyJhbGciOiJIUzI1NiIsInR5cCI6IkpXVCJ9.eyJpZCI6IjY1ZGIxN2FkODEwZTZiYjE1MmUxNWNiNSIsImlhdCI6MTcwODg3NjA4MywiZXhwIjoxNzExNDY4MDgzfQ.dVWQz7j2yGwsrw-JLYWO5Iv5xHlosLEqMNR3ayIs3Sk",
								"type": "text"
							}
						],
						"url": {
							"raw": "{{URL}}/api/v1/auth/me",
							"host": [
								"{{URL}}"
							],
							"path": [
								"api",
								"v1",
								"auth",
								"me"
							]
						}
					},
					"response": []
				},
				{
					"name": "Logout",
					"request": {
						"auth": {
							"type": "bearer",
							"bearer": [
								{
									"key": "token",
									"value": "{{TOKEN}}",
									"type": "string"
								}
							]
						},
						"method": "GET",
						"header": [],
						"url": {
							"raw": "{{URL}}/api/v1/auth/logout",
							"host": [
								"{{URL}}"
							],
							"path": [
								"api",
								"v1",
								"auth",
								"logout"
							]
						}
					},
					"response": []
				}
			]
		},
		{
			"name": "Appointments",
			"item": [
				{
					"name": "Get All Appts",
					"request": {
						"auth": {
							"type": "bearer",
							"bearer": [
								{
									"key": "token",
									"value": "{{TOKEN}}",
									"type": "string"
								}
							]
						},
						"method": "GET",
						"header": [],
						"url": {
							"raw": "{{URL}}/api/v1/appointments",
							"host": [
								"{{URL}}"
							],
							"path": [
								"api",
								"v1",
								"appointments"
							]
						}
					},
					"response": []
				},
				{
					"name": "Get Appt for Hospital",
					"request": {
						"auth": {
							"type": "bearer",
							"bearer": [
								{
									"key": "token",
									"value": "{{TOKEN}}",
									"type": "string"
								}
							]
						},
						"method": "GET",
						"header": [],
						"url": {
							"raw": "{{URL}}/api/v1/hospitals/65dec8433feb6eb95984f0b3/appointments",
							"host": [
								"{{URL}}"
							],
							"path": [
								"api",
								"v1",
								"hospitals",
								"65dec8433feb6eb95984f0b3",
								"appointments"
							]
						}
					},
					"response": []
				},
				{
					"name": "Get One Appt",
					"request": {
						"auth": {
							"type": "bearer",
							"bearer": [
								{
									"key": "token",
									"value": "{{TOKEN}}",
									"type": "string"
								}
							]
						},
						"method": "GET",
						"header": [],
						"url": {
							"raw": "{{URL}}/api/v1/appointments/65ded33a44706e981d075d33",
							"host": [
								"{{URL}}"
							],
							"path": [
								"api",
								"v1",
								"appointments",
								"65ded33a44706e981d075d33"
							]
						}
					},
					"response": []
				},
				{
					"name": "Add an appointment",
					"request": {
						"method": "POST",
						"header": [
							{
								"key": "Content-Type",
								"value": "application/json",
								"description": "JSON Type",
								"type": "text"
							}
						],
						"body": {
							"mode": "raw",
							"raw": "{\r\n    \"apptDate\" : \"2024-02-28T06:47:30.126+00:00\",\r\n    \"user\" : \"65dee86411574ffb60ab186a\"\r\n}",
							"options": {
								"raw": {
									"language": "json"
								}
							}
						},
						"url": {
							"raw": "{{URL}}/api/v1/hospitals/65dec8433feb6eb95984f0b3/appointments",
							"host": [
								"{{URL}}"
							],
							"path": [
								"api",
								"v1",
								"hospitals",
								"65dec8433feb6eb95984f0b3",
								"appointments"
							]
						}
					},
					"response": []
				},
				{
					"name": "Update Appointment",
					"request": {
						"auth": {
							"type": "bearer",
							"bearer": [
								{
									"key": "token",
									"value": "{{TOKEN}}",
									"type": "string"
								}
							]
						},
						"method": "PUT",
						"header": [
							{
								"key": "Content-Type",
								"value": "application/json",
								"description": "JSON Type",
								"type": "text"
							}
						],
						"body": {
							"mode": "raw",
							"raw": "{\r\n    \"apptDate\":\"2021-02-28T06:21:05.409+00:00\"\r\n}",
							"options": {
								"raw": {
									"language": "json"
								}
							}
						},
						"url": {
							"raw": "{{URL}}/api/v1/appointments/65ded33a44706e981d075d33",
							"host": [
								"{{URL}}"
							],
							"path": [
								"api",
								"v1",
								"appointments",
								"65ded33a44706e981d075d33"
							]
						}
					},
					"response": []
				},
				{
					"name": "Delete one Appt",
					"request": {
						"auth": {
							"type": "bearer",
							"bearer": [
								{
									"key": "token",
									"value": "{{TOKEN}}",
									"type": "string"
								}
							]
						},
						"method": "DELETE",
						"header": [],
						"url": {
							"raw": "{{URL}}/api/v1/appointments/65ded33a44706e981d075d33",
							"host": [
								"{{URL}}"
							],
							"path": [
								"api",
								"v1",
								"appointments",
								"65ded33a44706e981d075d33"
							]
						}
					},
					"response": []
				}
			]
		},
		{
			"name": "Get Vac Centers",
			"request": {
				"auth": {
					"type": "bearer",
					"bearer": [
						{
							"key": "token",
							"value": "{{TOKEN}}",
							"type": "string"
						}
					]
				},
				"method": "GET",
				"header": [
					{
						"key": "Content-Type",
						"value": "application/json",
						"description": "JSON Type",
						"type": "text"
					}
				],
				"url": {
					"raw": "{{URL}}/api/v1/hospitals",
					"host": [
						"{{URL}}"
					],
					"path": [
						"api",
						"v1",
						"hospitals"
					]
				}
			},
			"response": []
		}
	]
}